source_user_id,target_user_id
1,522
1,942
1,742
1,981
1,412
1,680
2,94
3,613
3,469
3,356
3,587
3,940
3,985
3,603
3,210
4,556
4,396
4,528
4,336
4,667
4,71
5,677
5,863
5,799
6,520
6,62
6,37
6,625
6,461
6,664
6,784
7,398
7,470
8,291
8,792
8,895
8,871
8,812
8,600
8,65
8,924
8,317
8,679
9,720
9,736
9,737
9,295
9,206
9,590
9,669
9,366
9,601
10,370
10,5
10,406
10,914
10,171
10,183
10,695
11,796
11,707
11,981
11,347
11,904
11,220
11,939
11,474
12,546
12,496
12,94
12,283
12,556
12,30
14,795
14,780
14,170
14,103
14,177
14,690
14,468
15,958
15,621
15,438
15,171
15,452
16,796
16,123
16,164
16,903
16,760
16,238
16,40
16,94
16,880
17,950
17,868
17,255
18,723
18,64
18,259
18,208
18,157
18,961
18,927
18,485
19,214
19,945
19,944
20,68
20,782
20,528
20,713
20,222
20,855
20,219
21,918
21,536
21,962
21,888
21,94
21,700
21,417
21,605
21,648
22,147
22,109
22,553
22,27
22,306
23,913
23,288
24,679
24,445
24,429
24,338
24,626
24,516
24,596
24,655
24,58
25,548
25,385
25,521
26,507
26,239
26,841
26,32
26,510
27,253
27,622
27,333
27,568
27,613
28,210
28,374
28,496
28,781
28,257
28,704
29,268
29,921
29,111
29,191
30,608
30,343
31,774
31,963
31,545
31,615
31,136
32,199
32,307
32,769
33,67
33,635
33,731
33,338
34,271
34,544
34,786
35,736
35,738
35,292
35,280
35,366
35,325
35,385
35,804
35,124
35,337
36,349
36,462
36,255
36,648
36,91
36,57
36,929
36,153
37,205
37,604
37,321
37,211
37,164
37,128
38,882
38,275
38,790
38,384
39,929
39,445
39,670
41,849
41,557
41,91
41,714
41,288
41,18
41,361
41,147
41,700
42,179
43,273
43,957
43,964
43,488
43,898
44,302
44,129
44,576
44,397
44,370
44,428
44,541
44,649
45,481
45,212
45,884
45,586
45,835
45,203
45,989
45,416
45,117
46,96
46,1
46,981
46,327
46,640
46,878
47,476
47,741
47,776
47,230
47,812
47,213
47,922
48,826
48,247
48,740
48,206
48,78
48,66
48,133
48,229
49,7
50,340
50,68
51,812
51,375
51,210
51,725
52,42
52,759
52,822
52,10
52,455
53,643
53,317
53,808
53,372
53,992
53,88
53,948
54,366
54,273
54,125
54,922
54,884
54,747
54,638
54,215
54,286
54,658
55,979
55,808
56,610
56,718
56,823
56,668
56,677
56,552
56,974
56,761
56,40
57,613
57,928
57,505
57,48
57,596
57,541
57,699
57,399
57,50
58,452
58,547
58,829
58,495
58,405
58,331
59,127
59,584
60,706
60,402
60,869
60,370
60,748
60,591
60,543
60,600
61,34
61,497
61,860
62,323
62,251
62,355
62,469
62,996
62,100
62,60
62,711
63,724
63,907
63,1000
65,584
65,34
65,197
65,916
65,573
65,244
65,262
65,811
65,392
65,252
66,291
66,138
66,517
66,236
66,182
66,779
67,74
67,601
67,265
67,2
67,838
68,266
68,660
68,207
68,359
68,740
69,373
69,869
69,779
69,459
70,783
70,795
70,299
70,788
71,483
71,824
71,185
72,592
72,121
72,285
72,351
73,354
73,611
73,234
73,235
73,492
73,389
73,379
74,578
74,990
74,434
74,945
75,174
75,459
75,324
75,94
75,140
75,729
75,355
75,552
75,118
75,374
76,198
76,918
77,187
77,695
77,907
77,953
77,906
77,677
77,791
77,726
78,507
79,165
80,134
80,142
80,849
80,766
81,976
81,326
83,912
83,273
83,21
84,668
84,228
84,248
84,479
84,529
84,34
84,833
84,587
84,982
85,431
85,54
85,726
85,936
85,179
85,58
85,986
85,895
86,256
86,833
86,252
87,164
87,520
87,61
87,205
87,858
89,697
89,419
89,72
89,938
89,468
89,530
90,555
90,352
90,799
90,88
91,660
92,102
92,452
92,509
92,449
92,517
93,525
93,474
93,536
93,569
93,583
93,333
93,684
93,404
93,510
94,301
95,454
95,763
95,707
95,83
95,715
95,727
95,493
95,276
95,797
96,382
96,348
96,514
96,797
96,963
96,27
97,765
97,856
97,95
97,426
97,654
97,157
97,919
97,757
97,269
97,109
98,715
98,202
98,157
98,576
98,266
98,203
99,920
100,904
101,53
101,796
101,592
101,612
101,914
101,956
101,582
102,985
102,850
102,632
102,749
102,253
102,94
102,993
103,2
103,512
103,344
103,672
103,616
103,476
103,582
103,610
104,213
104,662
104,441
104,483
104,495
105,669
107,616
107,882
107,392
107,841
108,549
108,252
108,703
108,975
108,159
108,810
108,475
108,653
108,805
109,489
110,755
110,437
110,615
110,364
110,837
112,164
112,640
112,18
113,624
113,23
113,394
113,792
114,383
114,841
114,152
114,293
114,666
114,250
115,373
115,504
115,539
115,634
115,790
116,203
116,551
116,251
117,327
117,457
117,720
118,299
118,710
118,1
118,281
118,84
118,21
118,566
120,165
120,292
120,994
122,553
122,609
122,113
122,156
122,503
124,709
124,770
124,998
124,510
125,124
125,788
126,308
126,994
126,94
126,642
126,451
126,424
126,151
127,348
127,854
127,543
128,605
128,682
128,347
129,14
130,732
130,846
130,777
130,281
130,531
130,327
130,252
131,899
131,862
131,288
132,753
132,286
132,604
132,676
132,901
132,271
132,561
132,430
132,274
133,457
133,490
133,13
133,1
133,401
134,401
134,104
134,186
134,790
134,709
134,297
134,79
135,295
135,465
135,944
136,92
136,90
136,166
136,26
136,616
136,940
138,34
138,13
139,54
139,691
139,67
139,518
140,727
140,813
141,473
141,57
141,445
141,676
141,587
142,327
142,16
142,819
142,847
142,596
142,687
142,464
142,650
142,918
143,903
143,999
143,914
143,365
143,367
144,732
144,237
144,974
144,804
144,998
144,155
145,445
146,503
147,550
147,181
147,544
147,390
147,794
147,942
148,235
148,501
148,697
148,116
148,771
148,599
148,613
148,711
149,793
149,344
149,477
149,48
149,238
149,639
149,425
149,180
149,586
149,978
150,811
150,698
150,869
150,11
150,289
150,759
150,365
150,557
150,30
150,171
152,156
152,850
152,660
152,534
152,593
152,830
152,627
152,946
153,294
153,457
153,668
153,846
153,142
153,983
153,269
153,316
154,923
154,529
154,203
154,279
154,158
154,782
157,720
157,979
157,909
157,428
157,614
157,86
158,704
158,797
158,105
158,907
158,212
158,671
158,221
158,850
158,938
159,188
160,832
161,693
161,543
161,804
161,656
161,538
161,577
161,730
161,780
161,252
161,292
163,564
163,812
163,595
163,889
163,430
164,33
164,373
164,938
164,949
164,528
164,35
164,446
164,558
164,738
164,149
165,217
165,119
165,157
165,58
165,686
167,415
167,762
167,403
167,998
167,110
167,535
167,99
168,517
168,428
169,25
169,840
169,19
169,473
169,183
169,442
169,879
169,271
169,389
170,276
170,742
170,778
170,938
170,397
170,758
170,15
171,995
171,935
171,317
171,602
173,187
173,902
173,861
173,671
173,448
173,719
173,400
174,223
174,322
174,134
174,664
174,454
174,310
174,641
174,508
175,394
175,879
175,812
175,238
175,231
175,272
179,802
179,934
179,262
180,565
180,439
180,770
180,257
180,896
180,100
180,435
180,96
181,879
181,264
181,173
181,371
181,385
181,704
181,890
181,181
181,937
181,32
182,37
182,28
182,828
182,195
184,600
184,544
184,472
184,245
185,72
185,234
185,643
185,97
185,871
185,796
186,765
186,383
186,560
186,145
186,773
186,232
187,84
187,155
187,142
187,470
187,401
187,939
187,118
187,604
187,190
188,167
188,358
188,756
189,90
189,660
189,518
189,595
189,410
189,147
189,312
189,868
189,821
190,33
190,147
190,598
191,267
191,886
191,614
191,303
191,917
193,296
193,188
193,566
193,450
193,689
195,491
195,845
195,346
195,829
197,157
197,359
197,202
197,975
197,25
197,17
197,559
197,332
197,546
197,370
198,42
199,949
199,941
199,962
199,712
199,793
199,663
199,115
200,344
201,857
201,187
201,302
201,855
201,17
201,769
201,99
202,223
202,805
202,982
202,552
203,445
203,717
203,455
203,176
203,891
203,185
203,315
203,903
204,62
204,82
204,735
204,689
204,776
205,338
206,617
206,30
206,785
206,252
206,26
206,665
206,226
206,130
206,879
206,83
207,661
207,658
207,493
207,820
207,964
209,586
209,653
209,649
209,33
209,900
209,27
209,362
209,361
209,490
210,797
210,448
210,594
210,234
210,861
210,949
211,438
211,530
211,427
212,959
212,279
212,621
213,171
213,849
213,453
213,986
213,278
213,536
213,593
213,830
213,280
214,254
214,305
214,376
215,842
215,935
215,709
215,125
215,257
215,501
216,160
217,896
217,583
217,37
217,214
217,679
217,997
217,521
217,850
218,476
219,962
219,780
219,189
219,639
219,602
219,504
219,381
219,588
219,568
219,646
220,220
220,153
220,770
220,21
220,444
221,250
222,288
222,188
222,262
222,399
222,339
222,652
222,877
222,47
222,411
222,530
223,601
223,234
223,149
223,31
223,79
223,848
224,316
224,279
224,227
225,602
226,328
226,698
226,357
227,936
227,968
227,975
227,62
227,206
227,4
227,648
227,482
227,547
228,203
228,27
228,38
229,870
229,867
229,61
229,712
229,682
229,729
229,410
229,200
230,980
230,713
230,1
230,761
230,476
230,520
230,323
230,644
230,830
230,843
231,29
231,430
231,849
231,110
231,889
231,391
231,623
232,823
232,764
232,639
232,562
232,257
232,311
232,645
233,758
233,973
233,60
233,303
233,524
233,525
233,629
233,283
234,509
234,698
234,184
234,9
234,114
234,432
234,909
234,841
234,310
235,984
235,471
236,343
236,863
236,599
236,962
236,429
236,538
236,27
236,203
236,802
237,107
238,337
238,543
238,480
238,748
239,587
239,700
239,383
239,481
240,107
240,302
240,122
241,699
241,736
242,68
242,651
242,938
242,706
242,336
242,341
243,302
243,832
243,6
243,304
243,80
243,397
243,390
243,200
243,204
244,439
244,814
244,764
244,709
244,801
244,58
244,3
244,133
246,115
246,736
246,191
247,61
247,736
247,841
248,501
248,972
248,745
248,671
248,439
248,549
248,596
249,256
249,729
249,483
249,180
249,908
249,879
249,94
250,153
250,30
250,142
250,940
251,759
251,296
251,697
251,778
251,166
251,974
251,931
251,690
251,657
252,336
252,165
252,588
252,989
252,114
252,801
252,738
252,700
253,271
253,948
253,1000
253,871
253,381
254,502
254,224
254,311
254,442
254,263
254,202
254,326
255,567
255,914
255,728
256,372
256,15
256,657
256,610
256,678
256,112
256,917
256,943
258,192
258,133
258,253
258,379
258,210
258,615
258,877
258,206
258,566
259,128
260,954
260,808
260,888
261,901
261,325
261,376
261,859
261,539
261,211
261,348
261,188
261,207
261,13
262,294
262,210
262,847
262,922
263,227
263,411
263,719
263,604
264,505
264,770
264,618
264,767
264,517
264,957
265,267
265,141
265,812
265,725
265,981
265,155
266,779
266,643
267,762
267,432
267,757
267,436
267,633
268,913
268,797
269,520
269,22
269,712
269,490
270,738
270,971
270,778
270,797
270,389
271,462
271,388
271,625
271,223
271,845
271,599
272,100
272,986
272,127
272,913
272,81
272,252
272,319
272,192
273,582
273,82
273,791
274,134
274,657
274,133
274,467
274,115
275,340
275,435
275,415
275,962
276,627
276,231
276,29
276,603
276,154
276,978
276,458
276,917
276,88
276,664
277,516
278,137
278,546
278,529
278,188
278,97
278,666
278,428
278,833
279,484
279,704
279,105
279,82
280,414
280,925
280,747
280,184
280,701
280,581
280,335
281,609
281,953
281,940
281,467
281,838
282,145
283,517
283,891
283,122
283,559
283,766
283,141
283,103
283,507
284,517
284,576
284,84
284,80
284,913
285,848
285,866
285,314
287,537
287,42
287,562
287,682
287,670
287,676
287,685
287,222
287,939
288,8
288,253
288,985
288,385
289,528
289,591
289,655
289,616
289,426
290,172
290,250
290,299
290,952
290,610
290,556
290,318
291,843
291,723
291,912
291,565
291,391
291,957
291,968
291,940
291,140
291,527
292,379
292,434
292,353
292,907
292,642
292,975
292,984
293,346
293,366
293,692
293,828
293,930
293,686
293,138
294,146
294,262
294,775
294,580
294,665
294,851
296,692
296,863
296,571
296,457
296,630
296,260
296,940
296,750
297,649
297,739
297,4
298,258
298,387
298,161
298,337
298,198
298,89
298,353
298,509
298,935
299,652
300,113
300,638
300,765
300,83
300,948
300,14
300,202
300,642
301,3
301,788
301,362
301,478
301,384
302,695
303,800
303,131
303,88
303,40
304,68
304,499
304,216
304,13
304,55
304,327
304,828
304,595
304,567
304,590
305,265
305,425
305,287
305,908
305,471
305,858
307,307
307,120
307,264
307,688
307,785
307,265
308,85
308,128
308,668
308,358
308,295
308,222
309,862
309,870
309,763
309,441
309,250
309,823
309,869
309,932
309,665
310,489
310,67
310,152
310,707
310,548
310,391
310,21
310,4
310,166
310,458
311,239
311,962
311,311
311,699
311,642
312,524
312,782
312,291
312,949
312,737
312,134
313,515
313,286
313,303
313,631
313,180
313,979
313,884
313,226
314,237
314,519
314,472
315,622
315,895
315,273
315,450
316,637
316,913
316,990
317,395
317,278
317,124
317,684
317,294
317,751
317,185
317,139
317,915
317,478
318,384
318,716
318,916
318,823
318,598
318,534
318,602
319,219
319,529
319,804
319,952
319,27
319,815
320,299
320,111
320,32
320,167
320,474
320,147
320,588
321,123
322,564
322,945
323,931
323,966
323,986
323,292
323,403
323,691
323,746
323,984
323,658
324,817
324,389
324,279
324,119
324,67
324,984
324,1000
324,165
325,380
325,116
326,236
326,13
326,258
326,326
326,972
326,747
326,24
327,918
327,220
328,501
328,989
328,915
328,496
328,212
328,270
328,177
328,859
328,492
328,890
329,130
329,22
330,414
330,242
330,579
330,386
331,107
331,675
331,643
331,641
331,578
331,897
332,737
332,329
332,85
332,695
332,618
332,449
332,660
333,172
333,623
333,355
333,350
333,393
333,423
333,622
333,403
333,972
334,64
334,12
334,91
334,698
334,336
334,941
334,575
335,960
335,117
335,818
335,250
335,287
335,740
336,708
337,725
337,476
337,839
337,400
338,984
338,680
338,640
338,203
338,446
338,492
338,72
339,550
339,94
339,665
339,479
340,214
341,606
341,404
341,171
341,359
341,543
341,727
341,114
341,127
341,109
341,490
342,850
342,840
342,60
342,802
342,264
343,659
343,410
343,788
343,74
343,556
343,340
343,174
344,428
344,914
345,78
345,123
345,745
345,194
345,357
345,317
345,298
345,671
346,384
346,564
347,229
347,213
347,981
347,649
347,701
347,33
348,717
349,106
349,721
349,734
349,517
349,403
349,564
350,290
350,297
350,908
350,113
350,603
351,992
351,273
351,369
351,462
351,281
352,525
352,993
352,697
352,893
352,195
352,294
353,312
353,123
353,231
353,383
353,88
353,547
353,354
353,248
353,358
354,81
354,404
354,146
354,915
354,692
354,238
354,108
354,771
354,335
354,207
355,103
355,436
355,155
355,493
355,266
356,18
356,311
356,956
356,613
356,52
356,512
357,640
357,597
357,99
357,974
357,196
359,96
359,149
359,174
360,922
360,762
360,794
360,787
360,379
360,595
360,53
360,159
360,431
361,531
361,283
361,745
361,222
361,466
361,265
361,233
361,660
361,933
363,586
363,376
363,140
363,954
363,273
363,863
363,103
363,78
364,211
364,503
364,877
364,745
364,806
364,774
364,398
364,652
365,590
365,921
365,225
366,269
366,185
366,570
366,290
367,657
367,628
367,963
367,328
367,422
367,459
367,339
367,144
368,716
368,980
368,471
368,372
368,792
368,766
368,599
368,284
369,582
369,141
369,85
369,283
369,74
369,357
369,365
369,117
369,789
369,626
370,199
370,522
370,643
370,12
370,156
370,87
370,680
371,251
371,573
371,382
371,830
371,979
372,435
372,885
372,115
372,69
372,931
372,968
372,147
372,924
372,993
375,723
375,753
375,749
375,936
375,534
375,350
375,149
375,305
376,953
376,846
376,4
376,553
376,232
376,308
376,716
376,31
376,214
376,792
379,262
379,950
379,974
379,430
380,779
380,300
380,915
380,997
380,462
380,976
380,560
380,365
380,513
380,891
381,358
382,584
382,239
383,703
383,42
384,994
384,531
384,49
384,899
384,608
384,365
385,909
385,131
385,190
385,130
385,377
385,813
385,964
385,310
385,791
386,875
386,38
386,563
386,650
386,237
387,916
388,290
388,746
388,110
388,618
388,617
389,859
389,576
389,300
390,267
390,220
390,971
390,727
390,522
390,421
391,631
392,968
392,859
393,783
393,521
394,280
394,454
394,350
394,385
394,242
394,668
394,925
394,24
395,771
395,575
395,56
395,275
395,936
395,990
395,449
395,10
395,127
395,390
396,92
396,422
396,44
396,269
396,670
396,284
396,343
396,575
396,47
396,226
397,932
397,112
397,761
397,353
397,498
398,652
398,590
398,615
399,966
399,76
399,203
400,485
400,266
400,23
400,51
400,459
401,917
401,499
402,338
402,953
402,63
402,485
402,4
403,707
403,504
403,672
403,671
403,516
403,17
404,54
405,918
405,970
405,875
405,688
405,971
405,2
405,414
405,653
406,292
406,920
406,37
407,617
407,171
408,456
408,101
408,424
408,485
408,750
408,126
408,178
408,170
409,340
409,473
409,765
410,286
410,725
410,970
411,935
411,990
411,485
411,859
411,638
411,273
411,913
411,624
411,564
411,506
412,985
412,335
412,365
412,339
412,270
412,498
412,437
412,823
412,976
413,262
413,461
413,884
413,239
413,448
413,402
414,270
414,658
414,700
414,846
414,475
414,265
414,88
414,480
414,259
414,633
415,696
415,553
416,555
416,217
416,281
416,576
417,76
418,926
418,452
418,581
418,646
418,440
418,475
418,57
418,620
418,673
419,529
419,472
419,290
419,40
419,603
420,84
420,805
420,90
420,986
420,978
420,675
420,832
420,696
420,324
421,26
422,450
423,506
424,355
424,683
424,798
425,577
425,113
425,700
425,313
425,759
425,806
425,767
425,89
425,750
425,617
426,357
426,861
426,687
426,631
426,106
426,120
426,552
427,643
428,398
428,482
428,1
428,199
428,787
429,33
429,606
429,39
429,868
430,183
430,166
430,743
430,786
430,519
430,621
430,918
431,578
431,444
431,159
431,973
431,289
431,902
431,607
431,714
432,276
432,764
432,623
432,552
432,659
433,470
433,116
433,36
433,4
433,776
435,271
435,274
435,477
435,576
435,782
435,784
435,898
436,326
436,358
436,538
436,744
436,117
437,545
437,337
437,928
437,229
437,731
438,24
438,945
438,743
438,11
438,500
439,669
439,53
439,907
440,881
440,546
440,136
440,627
440,156
440,423
440,68
440,309
440,446
440,121
441,410
441,114
442,620
442,401
443,982
443,121
443,643
444,565
444,6
444,91
444,998
445,409
445,642
445,744
445,736
445,705
445,594
446,935
446,919
446,649
447,564
447,910
447,379
447,609
447,531
447,859
447,732
447,271
448,646
448,501
448,760
448,472
448,272
448,873
448,471
449,4
449,878
450,857
451,712
451,258
451,413
451,290
451,260
451,886
451,771
452,480
452,63
452,327
452,959
452,992
452,41
452,860
453,715
453,614
453,462
453,797
453,581
453,165
453,577
454,767
454,685
454,529
455,470
455,491
455,449
455,761
456,189
456,591
456,118
456,157
456,838
456,67
456,207
456,816
456,893
456,409
457,310
457,11
457,988
457,303
457,446
457,943
457,861
457,755
458,594
458,838
458,912
458,929
458,534
458,233
458,22
458,459
459,711
459,953
459,512
459,310
460,45
460,618
460,704
460,426
460,945
460,830
460,756
461,832
461,996
461,342
461,176
461,17
461,332
461,587
462,813
462,775
462,852
462,217
462,231
462,728
462,489
462,256
462,30
462,122
464,871
464,185
464,910
464,216
464,230
464,350
464,674
464,599
467,471
467,24
467,950
467,569
467,535
467,258
467,64
470,504
470,469
470,115
470,437
470,63
471,667
471,795
472,638
472,440
472,49
472,312
472,728
472,504
474,767
474,398
474,322
474,452
474,31
474,989
474,782
474,525
474,971
474,421
475,397
475,27
475,445
475,509
475,472
475,970
475,968
475,499
475,835
476,709
476,612
476,55
476,575
476,406
476,67
476,519
476,880
476,604
477,506
477,841
477,316
477,740
478,159
479,625
479,496
479,434
479,794
479,998
479,401
479,315
479,304
479,976
479,865
480,655
480,666
480,56
480,139
480,836
480,135
480,24
480,202
481,606
481,128
481,106
481,806
481,661
481,174
481,716
481,193
481,598
481,500
482,343
482,39
482,21
482,42
482,603
482,151
482,119
483,828
483,77
483,668
483,188
483,220
483,150
483,687
483,319
484,646
484,166
485,281
485,506
485,61
485,43
485,425
485,332
485,689
486,303
486,938
487,616
487,538
487,61
487,690
487,687
488,968
488,192
488,600
488,62
488,811
488,168
488,474
488,76
488,596
488,285
489,119
489,670
489,248
489,699
489,745
489,435
489,760
489,925
490,757
490,186
490,28
490,371
490,824
490,94
490,294
490,786
491,522
491,171
491,118
491,405
491,390
491,725
491,650
492,298
492,52
492,647
492,538
492,564
492,909
492,170
492,812
493,999
493,210
493,419
494,693
494,309
494,62
494,9
494,604
494,948
494,218
494,439
494,849
494,769
495,568
495,59
495,542
495,828
496,237
496,776
496,599
496,354
497,827
497,769
497,164
498,318
498,793
498,606
498,603
498,645
498,255
499,485
499,301
499,203
500,845
500,964
500,467
500,142
500,880
500,659
501,861
501,182
501,215
502,579
502,665
503,123
503,497
503,410
504,899
504,275
504,339
504,739
504,278
504,785
504,405
504,519
505,315
505,749
505,2
508,926
508,975
508,664
508,814
508,810
508,861
508,216
508,743
509,277
509,286
509,903
509,35
509,199
509,124
509,665
509,138
509,576
510,775
510,570
510,920
510,250
510,311
510,351
510,63
511,26
511,2
511,897
512,326
512,867
512,945
512,215
512,505
512,117
512,303
512,241
513,507
513,381
513,620
513,680
513,53
513,444
513,768
513,446
514,269
514,940
514,941
514,95
514,430
514,100
514,332
514,69
515,401
516,517
516,620
516,414
517,633
517,824
517,32
517,962
517,705
517,356
517,127
518,893
518,586
518,25
518,161
518,95
519,581
519,826
519,420
520,734
521,294
521,809
521,552
521,453
521,335
521,952
521,626
521,137
521,640
522,40
522,711
523,214
523,49
523,403
523,499
523,501
523,868
523,915
524,698
524,383
524,885
524,5
524,465
524,626
524,146
525,611
525,435
525,974
525,156
525,45
525,849
525,498
526,10
526,509
526,867
526,74
526,68
526,107
526,405
526,718
527,428
527,163
527,454
527,272
527,938
527,480
527,355
527,58
527,312
528,326
528,246
528,708
528,626
528,572
529,822
529,339
529,521
529,669
529,121
529,15
529,971
529,70
530,210
531,584
531,460
531,192
531,740
531,400
531,625
531,283
531,111
531,515
531,655
533,760
533,341
533,879
533,86
533,674
533,208
534,245
534,975
534,524
534,616
534,921
534,80
534,971
534,528
535,764
535,476
535,784
535,831
535,766
535,648
535,819
535,409
535,903
535,220
536,830
536,410
536,675
536,847
536,339
536,969
536,844
536,72
537,28
537,874
537,841
537,722
538,161
538,518
538,512
538,43
538,878
538,38
539,285
539,300
539,379
539,473
539,771
539,74
539,835
539,303
539,955
539,995
540,858
540,620
540,796
542,442
542,577
542,435
542,628
542,469
542,504
542,990
543,474
543,906
543,563
544,347
544,216
544,322
545,565
545,283
545,463
545,521
546,497
546,293
546,643
547,746
547,937
547,547
547,416
547,929
547,546
547,812
547,704
547,609
548,297
548,927
548,683
548,498
548,994
548,289
548,21
549,668
549,210
549,198
549,87
549,727
549,677
550,785
550,350
550,527
550,204
550,822
550,453
550,892
550,618
550,125
550,42
551,189
551,912
551,196
551,227
551,127
551,56
551,540
551,794
552,216
552,308
552,518
552,636
552,639
552,553
552,332
552,79
552,922
553,283
553,516
553,191
553,435
553,440
553,981
553,223
553,474
553,699
553,61
554,488
554,517
554,959
555,438
555,995
555,835
555,531
555,786
555,764
555,686
556,364
556,640
556,889
556,349
556,405
556,487
557,263
557,257
557,129
557,14
557,939
557,285
557,98
558,312
558,236
558,227
558,967
558,56
558,860
558,322
558,449
558,927
558,251
559,478
559,399
559,954
561,30
561,344
561,840
561,568
562,176
562,329
562,47
562,930
562,102
563,547
563,304
563,553
563,579
563,139
565,587
565,361
565,957
565,827
565,151
565,54
566,441
566,116
566,795
566,943
567,175
567,614
567,542
567,622
567,703
567,223
567,452
567,716
567,862
567,402
568,20
569,385
569,5
569,903
569,507
569,436
570,430
570,341
570,387
570,288
570,710
570,396
570,888
570,610
571,785
571,896
573,123
573,810
573,913
573,292
574,227
574,293
574,933
574,770
574,240
575,426
575,832
575,41
575,835
575,550
575,468
575,671
575,193
576,581
576,767
576,35
576,349
576,568
576,95
576,580
576,117
576,752
577,367
577,175
577,752
577,230
577,540
579,788
579,51
579,847
580,542
580,183
580,744
580,831
582,322
582,474
583,709
583,790
583,93
583,380
583,756
585,885
585,830
585,577
585,210
586,834
586,280
586,992
586,787
586,621
586,981
586,472
588,779
588,969
588,117
588,199
588,863
588,142
588,371
588,505
588,813
588,99
589,99
589,46
590,58
590,720
590,661
590,416
590,616
590,246
590,143
590,376
591,112
591,313
591,285
591,650
591,967
591,281
593,240
593,296
593,887
594,836
594,68
594,815
595,239
595,606
595,216
595,817
595,623
595,947
595,761
595,692
595,77
596,924
596,19
596,173
596,566
596,110
596,574
596,848
597,40
597,59
597,705
597,389
597,911
598,705
598,446
599,329
599,54
599,840
599,907
599,59
599,523
599,832
599,7
599,119
599,222
600,462
600,459
600,21
600,733
600,56
600,864
601,714
601,623
601,934
602,173
603,19
603,122
603,577
603,700
603,538
603,955
603,153
603,461
603,6
604,477
604,75
604,879
605,736
605,152
605,324
605,948
605,53
605,394
605,822
605,277
605,389
606,479
606,697
606,573
606,672
607,168
607,878
607,283
609,241
610,712
611,895
611,98
611,980
611,507
611,250
611,289
611,66
611,815
611,495
612,86
612,251
613,981
613,464
613,550
613,899
613,621
613,935
614,289
614,476
614,757
615,181
615,189
615,434
615,570
615,155
616,696
616,526
616,499
616,934
616,45
616,215
616,306
616,166
617,446
617,102
617,52
617,599
617,615
617,434
617,33
617,344
617,601
618,936
618,734
618,762
618,562
620,777
620,405
621,408
621,51
621,20
622,610
622,452
622,345
622,141
622,597
622,456
622,467
622,403
625,304
625,485
626,152
626,963
626,36
626,819
627,352
627,222
627,83
627,804
627,732
627,587
627,458
627,487
627,887
628,610
628,56
628,810
629,960
629,302
629,131
629,628
629,817
629,601
629,743
629,988
629,773
630,139
630,882
630,933
630,818
630,52
631,938
631,929
631,521
631,713
631,370
631,222
632,46
632,497
633,166
633,513
633,574
633,849
633,402
633,673
633,509
633,993
633,137
633,407
634,199
634,741
634,241
634,424
634,703
634,767
636,77
637,724
638,70
638,662
638,73
638,291
638,694
638,902
638,502
639,236
639,814
639,828
639,286
640,141
640,975
640,478
640,634
640,362
640,428
640,113
640,850
640,823
642,43
643,826
643,93
643,866
643,806
644,725
644,824
644,39
644,533
644,189
644,5
645,149
646,220
646,21
646,580
646,817
646,598
646,734
646,905
646,8
646,820
647,764
647,767
647,496
647,383
647,138
647,75
647,27
647,353
647,939
647,87
648,128
648,539
648,497
648,429
648,475
648,738
648,491
648,88
648,137
648,369
649,881
649,701
649,144
649,879
649,212
649,495
649,886
649,61
649,331
651,442
651,485
651,152
651,949
651,627
651,484
651,710
651,247
651,398
652,594
652,420
652,647
652,777
652,603
652,94
652,356
652,421
653,312
654,648
654,866
654,807
654,647
654,172
655,122
655,934
655,267
655,680
655,956
655,957
655,631
655,58
655,996
655,216
656,243
656,801
657,832
657,610
657,644
657,953
657,962
657,731
659,269
659,685
659,937
659,740
659,97
659,84
659,43
659,764
659,107
659,628
660,327
660,53
661,243
661,265
661,635
661,903
661,986
661,408
661,718
661,528
662,772
662,717
662,762
662,262
662,411
662,291
662,193
663,419
663,386
663,393
663,849
663,395
663,705
663,417
663,331
663,557
663,101
664,89
664,700
666,845
666,191
667,845
667,516
667,290
667,180
667,932
668,305
668,155
668,241
668,687
668,137
668,543
669,884
669,503
669,411
669,267
669,863
669,427
669,524
669,400
669,318
670,242
670,190
670,128
670,845
670,717
670,890
670,740
670,124
671,197
671,284
671,571
671,948
671,582
672,755
673,216
673,578
673,260
673,370
673,803
673,846
673,734
673,847
673,603
674,836
674,734
674,452
674,356
674,509
674,437
674,282
674,678
674,469
674,214
675,341
675,504
675,281
675,252
675,571
675,697
676,170
677,17
677,206
677,360
677,338
677,913
677,604
678,322
678,750
679,509
679,814
679,684
679,616
679,879
681,446
681,953
682,710
682,446
682,501
682,991
682,240
682,126
682,218
682,618
683,405
683,244
683,581
683,997
684,820
684,853
685,462
685,636
685,267
686,164
686,42
687,514
687,996
688,601
688,979
688,325
689,341
689,796
689,232
689,546
689,804
689,351
689,556
690,767
690,207
690,499
691,318
692,813
692,161
692,422
692,383
692,656
692,780
692,198
693,665
693,476
693,443
693,512
693,703
693,943
693,41
694,479
694,948
694,83
694,923
694,868
694,691
694,925
694,726
695,320
695,408
695,941
695,975
696,705
696,433
696,678
696,360
696,39
696,450
696,996
696,81
696,755
696,946
697,261
697,748
697,521
697,273
697,440
697,357
697,474
697,289
698,17
698,546
698,781
698,304
698,79
698,767
698,861
699,335
699,1
699,682
699,77
699,136
699,211
700,585
701,500
702,908
702,312
703,64
703,853
703,124
704,657
704,740
704,101
704,368
704,581
704,891
704,416
704,93
704,865
705,133
705,894
705,2
705,83
705,209
706,868
706,558
706,590
706,902
706,278
706,922
706,462
707,528
707,599
707,582
708,97
708,630
708,9
708,623
709,718
709,925
709,292
711,829
711,921
711,7
711,437
711,170
711,194
712,602
712,582
712,818
712,485
712,995
712,695
712,17
712,180
712,127
712,465
713,59
713,734
713,91
713,227
713,586
713,145
713,438
713,112
713,525
714,850
714,488
714,493
714,443
714,726
714,520
715,242
715,575
715,51
715,570
716,354
716,85
716,791
716,522
716,945
716,86
716,342
716,91
717,468
717,473
717,930
717,697
717,653
717,235
717,718
718,135
718,992
718,292
718,170
719,604
719,168
719,690
719,203
719,657
721,605
721,912
721,447
721,33
722,740
722,557
723,689
723,492
723,69
723,525
723,138
723,451
723,408
724,814
724,608
724,566
725,126
725,704
725,689
725,137
725,312
726,18
726,63
726,151
726,930
726,710
726,682
726,574
726,114
727,475
727,797
727,535
727,738
727,504
727,256
727,628
728,988
728,830
728,520
728,59
728,973
728,535
728,923
728,609
728,343
729,744
729,422
729,868
729,237
729,399
729,171
729,356
729,753
729,75
730,713
730,632
730,423
730,225
730,956
730,375
731,985
731,813
733,405
733,843
733,212
733,359
733,163
735,941
735,684
735,773
735,260
735,899
735,392
735,778
735,270
735,616
735,505
736,168
736,33
736,601
736,585
736,3
736,778
736,380
737,276
737,468
738,995
738,14
738,402
738,149
738,745
738,812
738,357
738,260
738,510
738,198
740,355
740,701
740,26
740,315
740,898
740,541
741,803
741,292
741,761
741,667
741,460
741,467
741,10
741,336
742,714
742,912
742,710
742,864
742,631
742,253
742,567
743,856
744,201
744,513
744,949
744,701
744,18
744,606
744,152
745,431
745,793
745,552
745,877
745,932
745,391
746,54
746,473
746,12
746,570
746,135
746,772
746,833
746,2
746,628
747,926
747,707
747,262
747,796
747,224
747,580
747,337
747,861
748,56
749,174
749,989
750,12
750,129
750,176
750,119
750,214
750,35
750,967
750,229
750,21
751,888
751,282
751,310
751,475
751,157
751,37
751,578
751,327
752,231
752,299
752,948
752,340
753,338
753,89
753,782
753,326
753,583
753,60
753,641
754,815
754,527
754,913
754,564
754,906
754,479
754,17
755,840
755,582
755,37
756,952
756,917
756,147
756,473
756,436
756,653
756,711
756,748
757,543
757,781
757,314
757,589
757,728
757,556
757,53
757,420
758,513
760,665
760,686
760,175
760,377
760,108
761,535
761,296
761,685
761,185
761,322
761,318
761,58
761,520
761,111
762,970
762,233
762,823
762,241
762,540
762,69
762,432
762,975
762,211
762,638
763,656
763,643
763,254
763,863
763,792
763,794
763,48
763,431
764,26
764,37
764,977
764,599
764,915
764,94
764,453
765,822
765,767
765,804
765,398
765,996
765,258
765,80
765,239
765,114
765,98
766,718
766,179
766,258
766,449
767,176
767,199
767,535
767,540
767,792
767,790
768,743
768,937
768,431
769,769
769,456
769,993
769,92
770,930
770,321
770,293
770,845
770,448
770,346
770,127
770,493
770,194
770,855
771,683
772,791
772,897
772,984
772,656
772,66
772,613
772,89
772,380
772,640
772,533
773,548
773,172
774,128
774,777
774,502
774,800
774,752
774,655
774,54
774,114
774,589
774,735
775,842
775,132
775,30
775,987
775,253
776,732
776,626
776,655
776,951
776,164
776,761
776,465
777,204
777,434
777,171
777,459
777,759
777,488
778,542
778,889
778,907
778,90
779,835
779,69
779,848
779,232
779,628
779,299
779,707
779,453
780,723
780,790
780,206
780,394
780,549
780,502
780,976
780,574
781,47
781,19
781,997
781,651
781,435
782,985
783,346
783,493
783,603
784,386
784,814
784,141
784,308
784,252
784,712
784,652
786,41
786,135
787,266
787,500
787,418
787,338
787,428
787,368
787,62
788,609
788,551
788,182
790,697
790,38
790,352
790,767
790,903
790,264
791,132
791,452
791,208
791,144
791,272
791,622
791,724
791,103
791,441
792,401
792,301
792,606
792,237
792,455
792,229
792,51
793,196
793,668
793,828
793,176
793,173
793,224
793,702
793,58
793,804
793,993
794,57
794,887
794,114
794,795
796,754
796,571
796,43
796,366
796,656
796,422
796,763
796,530
796,882
797,168
798,506
798,110
798,954
798,7
798,251
798,849
798,155
798,843
798,391
799,383
799,181
799,544
799,237
799,986
799,348
799,641
799,998
799,627
799,116
800,167
800,946
800,648
800,88
800,330
800,120
800,304
800,401
801,300
801,178
801,513
801,858
801,64
801,218
801,311
801,891
801,310
802,622
802,720
802,655
802,704
802,366
802,765
802,919
802,860
802,859
802,905
803,157
803,212
803,627
803,5
803,522
803,653
804,145
804,410
804,272
804,774
804,267
804,307
804,742
804,436
805,649
805,547
805,544
805,217
806,830
806,737
806,616
806,319
806,738
806,651
806,650
807,562
807,115
807,366
808,523
808,74
808,879
808,166
808,60
808,746
808,501
808,100
808,681
808,977
809,752
809,44
809,997
809,553
809,349
810,523
810,34
810,774
810,19
810,36
810,499
810,334
811,143
811,228
811,947
811,45
811,15
811,137
811,254
811,856
811,150
812,464
813,270
813,617
813,834
813,881
814,911
814,808
814,526
814,264
815,57
815,210
816,882
816,245
816,454
816,367
816,672
816,700
817,305
817,162
817,33
817,300
817,196
817,609
817,569
817,545
818,905
818,891
818,493
818,432
818,418
818,120
818,632
818,201
818,884
818,249
819,893
820,115
820,888
820,922
820,40
821,70
821,772
821,610
821,737
821,450
821,314
821,725
822,322
822,632
824,120
824,802
824,825
824,652
825,949
825,269
825,649
825,483
825,914
825,867
825,457
827,126
827,544
827,684
827,120
827,418
827,995
827,82
828,146
828,11
828,342
828,18
828,621
829,137
829,552
829,171
830,287
830,697
830,985
830,258
830,390
830,958
830,828
830,199
830,643
831,932
831,463
831,471
831,73
831,646
832,78
832,397
832,77
832,356
832,311
832,638
832,593
833,78
833,780
834,96
834,311
834,996
834,719
835,136
835,434
835,566
835,913
835,502
835,613
835,561
835,266
836,270
836,906
836,702
836,679
836,573
838,897
838,2
838,837
839,149
839,105
839,983
839,760
839,52
839,466
839,132
839,953
839,818
840,524
840,302
840,955
840,541
840,570
841,430
841,474
841,93
841,584
841,731
842,13
842,804
842,974
842,884
842,994
842,902
842,548
843,379
844,565
844,360
844,844
844,512
844,498
844,400
844,623
844,920
845,770
845,841
845,994
845,482
845,802
845,323
845,41
845,655
845,670
846,607
847,270
847,216
848,416
848,368
848,259
848,493
848,312
848,367
849,322
849,766
849,97
849,98
849,785
850,693
850,900
850,327
850,914
851,758
851,659
851,281
851,297
851,899
851,201
851,982
851,478
852,488
852,57
852,946
852,685
853,139
853,645
853,318
853,980
853,693
853,239
853,240
853,265
853,530
853,397
854,891
854,318
854,528
854,152
854,536
854,674
854,781
854,443
854,544
854,200
855,63
855,212
855,41
855,599
855,745
856,343
856,712
856,652
856,352
856,898
857,159
857,574
857,227
857,24
857,800
857,590
857,561
858,379
858,512
858,873
858,336
860,291
860,655
860,122
860,627
860,582
860,241
860,242
860,48
860,399
860,371
862,662
862,228
862,498
862,194
862,634
862,605
862,361
862,847
862,116
863,5
863,332
864,367
864,962
864,83
864,648
864,411
864,554
864,67
864,926
864,967
864,791
865,987
865,714
865,861
865,785
865,886
865,38
866,551
866,838
866,246
866,102
866,4
866,897
866,977
866,957
866,560
868,390
868,478
868,293
868,161
868,858
868,617
868,774
868,775
868,947
868,790
869,765
869,844
870,17
870,85
870,642
870,337
870,911
871,19
871,79
871,99
871,383
871,204
871,740
871,682
872,447
872,741
872,842
872,68
872,207
872,921
872,820
872,765
873,394
873,509
873,468
873,956
873,834
874,652
874,659
874,3
875,642
875,42
875,318
875,580
875,714
875,607
875,795
876,253
876,85
877,143
878,443
878,752
878,45
878,455
879,750
879,543
880,512
880,854
880,391
880,482
880,660
880,621
880,43
880,717
880,385
881,546
881,57
881,122
881,581
881,363
881,290
882,320
882,527
882,789
883,503
883,424
883,209
883,881
883,550
883,871
883,364
883,132
883,371
884,818
884,437
884,808
884,552
884,640
884,142
884,732
885,297
885,311
885,838
885,60
885,62
885,531
885,695
885,383
886,639
886,735
887,951
887,131
888,416
888,227
888,708
888,956
888,712
888,4
888,925
889,602
889,62
889,343
889,591
889,985
889,55
890,658
890,976
890,576
890,724
891,912
891,580
891,394
891,281
891,18
891,245
891,836
891,298
891,963
892,234
892,55
893,317
894,23
894,607
894,126
894,57
894,30
895,932
895,89
895,158
895,889
895,183
897,774
897,417
897,303
897,983
897,664
898,1
899,982
900,464
900,176
900,87
900,688
900,910
901,954
901,323
901,938
901,360
901,684
901,490
901,78
901,329
901,495
902,340
902,145
902,778
902,266
903,191
905,255
905,821
905,502
905,974
905,848
905,386
906,362
907,2
907,694
907,146
907,514
907,509
907,797
907,452
907,495
907,951
907,872
908,526
908,874
908,110
908,886
908,66
908,205
908,567
908,580
908,686
909,314
909,567
909,473
909,457
909,704
909,267
910,205
910,488
910,985
910,257
910,504
910,11
911,767
911,136
911,80
911,458
911,982
911,5
912,648
912,394
912,613
912,516
912,693
912,701
913,138
913,346
913,929
913,358
913,485
913,987
913,970
913,329
913,520
913,68
915,707
915,632
916,719
916,934
916,940
917,355
917,683
918,658
918,444
918,786
918,684
918,761
918,766
918,199
919,903
919,708
920,205
920,497
920,847
920,211
921,992
921,863
921,417
921,762
921,106
921,46
921,3
921,368
921,188
921,10
922,25
922,901
922,775
922,661
922,918
922,481
922,376
922,850
922,85
922,579
923,13
923,936
924,323
924,81
924,359
924,660
924,275
924,562
924,502
924,290
924,409
924,640
925,826
926,978
926,236
929,767
929,648
930,916
930,569
930,773
930,623
930,926
931,621
931,735
931,374
931,929
931,224
931,141
932,168
932,926
932,10
932,420
932,29
932,404
932,160
933,222
933,185
933,712
933,817
933,839
933,538
934,755
934,732
934,170
934,894
934,234
934,683
934,952
934,601
934,439
935,689
935,88
935,482
935,718
935,493
935,243
935,56
935,791
935,193
935,379
936,705
936,354
936,349
936,577
936,885
936,339
936,696
937,659
937,21
937,720
937,948
937,176
938,338
938,656
938,370
938,776
938,530
938,119
938,567
938,313
938,770
939,801
939,286
939,906
939,427
939,355
939,27
939,119
939,572
939,757
940,351
940,762
940,265
940,154
940,619
940,219
940,392
940,514
940,645
941,503
941,76
941,255
941,933
942,194
942,384
942,753
942,590
942,595
942,17
943,171
943,615
944,349
944,286
944,224
945,506
945,136
945,484
945,744
945,877
945,888
945,366
946,693
946,96
946,946
946,490
946,233
947,780
947,321
947,760
947,442
947,311
947,51
947,437
947,312
947,246
947,679
948,207
949,139
949,153
950,831
950,48
950,717
950,722
950,468
950,327
950,175
952,208
952,441
952,350
952,151
952,994
953,162
953,726
953,798
954,527
954,370
954,545
954,888
955,678
955,518
955,741
956,406
956,906
957,35
957,344
957,441
957,472
957,363
957,564
957,204
957,934
957,145
957,108
958,909
958,243
958,60
959,785
959,714
959,37
959,433
959,660
959,205
959,924
959,686
960,200
961,992
961,352
961,315
961,198
961,593
961,111
961,133
961,455
961,502
961,37
962,22
962,9
962,558
962,500
962,622
962,42
963,643
963,853
963,191
963,413
963,595
963,499
963,24
964,472
964,993
964,225
964,881
964,457
965,117
965,300
965,927
965,139
965,541
965,15
965,852
965,208
965,36
966,454
966,128
966,860
966,975
968,930
968,772
968,467
968,562
968,908
968,32
968,350
968,827
968,433
968,465
969,496
969,186
970,103
971,959
971,168
971,628
971,256
971,595
971,18
971,966
971,225
971,462
971,46
972,399
972,271
972,136
973,633
973,413
974,653
974,783
974,319
974,733
974,268
974,251
974,201
975,461
975,202
975,37
975,588
975,939
975,250
975,630
975,513
975,144
976,988
976,179
976,882
976,600
976,501
976,540
978,225
978,873
978,992
979,121
979,198
979,882
979,683
979,878
980,554
980,269
980,334
980,621
980,963
980,469
981,120
981,596
982,968
982,2
982,153
982,913
982,655
982,337
982,292
982,542
982,162
983,768
984,617
984,222
985,710
985,400
986,365
987,612
988,360
988,83
989,452
989,256
989,105
989,15
989,804
989,364
989,582
989,760
989,578
990,501
990,126
990,124
990,127
990,57
990,788
991,210
991,171
991,828
991,895
991,969
991,387
991,770
991,486
991,411
992,890
992,692
992,504
994,794
994,653
994,207
994,55
994,422
994,129
994,776
995,555
996,481
996,11
996,891
996,166
996,403
996,980
996,431
996,176
996,136
996,856
997,780
997,203
997,646
997,443
998,593
998,128
998,950
999,765
999,688
1000,493
1000,104